displacement_mm,RD2_force_kN,RD5_force_kN,RD6_force_kN,RD7_force_kN,RD8_force_kN,TD2_force_kN,TD3_force_kN,TD4_force_kN,TD6_force_kN,TD7_force_kN
0,0,0,0,0,0,0,0,0,0,0
0.0070249319,0.60853472,0.60853472,0.60853472,0.60853472,0.60853472,0.60853472,0.60853472,0.60853472,0.60853472,0.60853472
0.014049864,1.2170694,1.2170694,1.2170694,1.2170694,1.2170694,1.2170694,1.2170694,1.2170694,1.2170694,1.2170694
0.021074796,1.8256042,1.8256042,1.8256042,1.8256042,1.8256042,1.8256042,1.8256042,1.8256042,1.8256042,1.8256042
0.028099727,2.4341389,2.4341389,2.4341389,2.4341389,2.4341389,2.4341389,2.4341389,2.4341389,2.4341389,2.4341389
0.035124659,3.0426736,3.0426736,3.0426736,3.0426736,3.0426736,3.0426736,3.0426736,3.0426736,3.0426736,3.0426736
0.042149591,3.6512083,3.6512083,3.6512083,3.6512083,3.6512083,3.6512083,3.6512083,3.6512083,3.6512083,3.6512083
0.049174523,4.2597431,4.2597431,4.2597431,4.2597431,4.2597431,4.2597431,4.2597431,4.2597431,4.2597431,4.2597431
0.056199455,4.8895381,4.8895381,4.8895381,4.8895381,4.8895381,4.8895381,4.8895381,4.8895381,4.8895381,4.8895381
0.063224387,5.5257335,5.5257335,5.5257335,5.5257335,5.5257335,5.5257335,5.5257335,5.5257335,5.5257335,5.5257335
0.070249319,6.1619289,6.1619289,6.1619289,6.1619289,6.1619289,6.1619289,6.1619289,6.1619289,6.1619289,6.1619289
0.07727425,6.7981243,6.7981243,6.7981243,6.7981243,6.7981243,6.7981243,6.7981243,6.7981243,6.7981243,6.7981243
0.084299182,7.4343197,7.4343197,7.4343197,7.4343197,7.4343197,7.4343197,7.4343197,7.4343197,7.4343197,7.4343197
0.091324114,8.0705151,8.0705151,8.0705151,8.0705151,8.0705151,8.0705151,8.0705151,8.0705151,8.0705151,8.0705151
0.098349046,8.7067105,8.7067105,8.7067105,8.7067105,8.7067105,8.7067105,8.7067105,8.7067105,8.7067105,8.7067105
0.10537398,9.3429059,9.3429059,9.3429059,9.3429059,9.3429059,9.3429059,9.3429059,9.3429059,9.3429059,9.3429059
0.11239891,9.9791013,9.9791013,9.9791013,9.9791013,9.9791013,9.9791013,9.9791013,9.9791013,9.9791013,9.9791013
0.11942384,10.615297,10.615297,10.615297,10.615297,10.615297,10.615297,10.615297,10.615297,10.615297,10.615297
0.12644877,11.251492,11.251492,11.251492,11.251492,11.251492,11.251492,11.251492,11.251492,11.251492,11.251492
0.13347371,11.887687,11.887687,11.887687,11.887687,11.887687,11.887687,11.887687,11.887687,11.887687,11.887687
0.14049864,12.523883,12.523883,12.523883,12.523883,12.523883,12.523883,12.523883,12.523883,12.523883,12.523883
0.14752357,13.160078,13.160078,13.160078,13.160078,13.160078,13.160078,13.160078,13.160078,13.160078,13.160078
0.1545485,13.796274,13.796274,13.796274,13.796274,13.796274,13.796274,13.796274,13.796274,13.796274,13.796274
0.16157343,14.432469,14.432469,14.432469,14.432469,14.432469,14.432469,14.432469,14.432469,14.432469,14.432469
0.16859836,15.068664,15.068664,15.068664,15.068664,15.068664,15.068664,15.068664,15.068664,15.068664,15.068664
0.1756233,15.70486,15.70486,15.70486,15.70486,15.70486,15.70486,15.70486,15.70486,15.70486,15.70486
0.18264823,16.341055,16.341055,16.341055,16.341055,16.341055,16.341055,16.341055,16.341055,16.341055,16.341055
0.18967316,16.977251,16.977251,16.977251,16.977251,16.977251,16.977251,16.977251,16.977251,16.977251,16.977251
0.19669809,17.613446,17.613446,17.613446,17.613446,17.613446,17.613446,17.613446,17.613446,17.613446,17.613446
0.20372302,18.23248,18.23248,18.23248,18.23248,18.23248,18.23248,18.23248,18.23248,18.23248,18.23248
0.21074796,18.638169,18.638169,18.638169,18.638169,18.638169,18.638169,18.638169,18.638169,18.638169,18.638169
0.21777289,19.043859,19.043859,19.043859,19.043859,19.043859,19.043859,19.043859,19.043859,19.043859,19.043859
0.22479782,19.449549,19.449549,19.449549,19.449549,19.449549,19.449549,19.449549,19.449549,19.449549,19.449549
0.23182275,19.855239,19.855239,19.855239,19.855239,19.855239,19.855239,19.855239,19.855239,19.855239,19.855239
0.23884768,20.260929,20.260929,20.260929,20.260929,20.260929,20.260929,20.260929,20.260929,20.260929,20.260929
0.24587261,20.387804,20.396405,20.386356,20.415876,20.388501,20.440921,20.419372,20.430544,20.446406,20.405829
0.25289755,20.36515,20.386965,20.361477,20.436349,20.366919,20.499871,20.445215,20.473552,20.513782,20.410866
0.25992248,20.34249,20.377519,20.336604,20.456823,20.345344,20.558828,20.471058,20.51656,20.581165,20.415903
0.26694741,20.319826,20.368069,20.311735,20.477296,20.323772,20.617789,20.496901,20.559568,20.648553,20.42094
0.27397234,20.297168,20.358619,20.286866,20.497776,20.30219,20.67675,20.522744,20.602576,20.715932,20.425988
0.28099727,20.274513,20.349169,20.261997,20.51826,20.280608,20.735711,20.548587,20.645585,20.783308,20.431034
0.28802221,20.251859,20.339725,20.23712,20.538737,20.259025,20.794665,20.574429,20.688593,20.850683,20.436071
0.29504714,20.229205,20.330285,20.212241,20.55921,20.237443,20.853615,20.600272,20.7316,20.918059,20.441108
0.30207207,20.241535,20.329121,20.216579,20.554243,20.215871,20.863687,20.617561,20.741945,20.97171,20.446145
0.309097,20.275668,20.333115,20.227464,20.53342,20.194297,20.843296,20.603487,20.731931,21.022204,20.451182
0.31612193,20.306099,20.337145,20.238086,20.507258,20.172714,20.81204,20.58998,20.719978,21.063828,20.456219
0.32314687,20.335647,20.341184,20.250769,20.479833,20.151132,20.778209,20.577301,20.707563,21.103428,20.461264
0.3301718,20.35158,20.345255,20.271636,20.460924,20.129549,20.754819,20.565462,20.693921,21.134994,20.466311
0.33719673,20.366594,20.350117,20.291446,20.443508,20.10797,20.733386,20.554188,20.680537,21.159097,20.471351
0.34422166,20.377758,20.358294,20.309625,20.432356,20.086398,20.720165,20.544059,20.668233,21.171688,20.476388
0.35124659,20.390097,20.367092,20.324486,20.424416,20.06482,20.7077,20.534234,20.656453,21.175229,20.481425
0.35827152,20.404314,20.376884,20.337,20.421617,20.043238,20.696448,20.525018,20.645511,21.172363,20.486462
0.36529646,20.418002,20.387186,20.349316,20.421294,20.115806,20.686498,20.516223,20.634989,21.168766,20.491499
0.37232139,20.431301,20.397863,20.361575,20.422787,20.257451,20.677502,20.509364,20.624777,21.16496,20.496539
0.37934632,20.443614,20.408676,20.388384,20.428348,20.313462,20.670064,20.503349,20.615747,21.16036,20.501587
0.38637125,20.45563,20.41953,20.414742,20.43513,20.343745,20.663094,20.49879,20.607073,21.153706,20.50663
0.39339618,20.466624,20.429363,20.436417,20.445188,20.373603,20.656708,20.494944,20.600036,21.136557,20.511667
0.40042112,20.478329,20.438757,20.452575,20.455731,20.403323,20.650349,20.491658,20.593564,21.118808,20.516704
0.40744605,20.494184,20.445948,20.458671,20.468223,20.432378,20.64401,20.489095,20.589847,21.099965,20.521741
0.41447098,20.511155,20.452747,20.464067,20.480007,20.46102,20.63822,20.486771,20.587023,21.080645,20.526778
0.42149591,20.530241,20.458799,20.46888,20.490452,20.488879,20.633474,20.48544,20.585895,21.060929,20.531815
0.42852084,20.541714,20.464375,20.473145,20.499493,20.51546,20.627698,20.484157,20.584719,21.041302,20.536863
0.43554577,20.546637,20.469542,20.477217,20.507326,20.540941,20.621037,20.482807,20.583502,21.021707,20.54191
0.44257071,20.541832,20.474741,20.481402,20.515329,20.565615,20.612657,20.481566,20.583076,21.001093,20.546947
0.44959564,20.533423,20.479953,20.485606,20.523395,20.58999,20.603639,20.480548,20.582943,20.980227,20.551984
0.45662057,20.531777,20.485429,20.489888,20.536724,20.611498,20.591939,20.479806,20.583443,20.958098,20.557021
0.4636455,20.53075,20.491102,20.49411,20.550777,20.632169,20.579856,20.47932,20.584021,20.937475,20.562058
0.47067043,20.530086,20.498128,20.498204,20.566986,20.648224,20.566556,20.479321,20.584795,20.920126,20.567095
0.47769537,20.529314,20.508101,20.502175,20.583348,20.662255,20.55425,20.479521,20.585651,20.90313,20.572139
0.4847203,20.528296,20.524753,20.506025,20.600055,20.671704,20.544192,20.47989,20.586691,20.886479,20.577187
0.49174523,20.527455,20.541537,20.510285,20.616662,20.678479,20.535497,20.480337,20.587097,20.87026,20.582226
0.49877016,20.526791,20.558454,20.514722,20.63317,20.682562,20.528172,20.481344,20.586865,20.854228,20.587263
0.50579509,20.526792,20.57463,20.524672,20.65074,20.680227,20.522597,20.48253,20.586847,20.838482,20.5923
0.51282003,20.527091,20.590474,20.536192,20.668786,20.675016,20.517807,20.484156,20.586924,20.821388,20.597337
0.51984496,20.528376,20.606045,20.55758,20.686343,20.659609,20.513055,20.485713,20.586972,20.789113,20.602374
0.52686989,20.529918,20.621605,20.576472,20.703497,20.643258,20.508244,20.487196,20.58704,20.752798,20.607415
0.53389482,20.533028,20.637482,20.588809,20.716453,20.631994,20.502646,20.488381,20.587394,20.705863,20.612463
0.54091975,20.536456,20.65325,20.598097,20.728795,20.622589,20.497437,20.489421,20.587916,20.672852,20.617506
0.54794468,20.54076,20.668718,20.603916,20.73945,20.618285,20.493299,20.490805,20.588901,20.65568,20.622543
0.55496962,20.55054,20.683515,20.609977,20.752015,20.614143,20.48656,20.492242,20.590155,20.648884,20.62758
0.56199455,20.566771,20.697523,20.616162,20.76683,20.610193,20.476757,20.493659,20.591726,20.647435,20.632617
0.56901948,20.587275,20.710788,20.622724,20.778215,20.607324,20.46614,20.495252,20.593636,20.645825,20.637654
0.57604441,20.610068,20.723656,20.629379,20.787763,20.605034,20.455087,20.497376,20.595727,20.644232,20.642691
0.58306934,20.631134,20.736551,20.636615,20.798049,20.606206,20.448914,20.499642,20.598005,20.643602,20.647738
0.59009428,20.651753,20.749476,20.644186,20.808587,20.608073,20.443692,20.502087,20.6003,20.643541,20.652785
0.59711921,20.668947,20.763052,20.652838,20.822251,20.61137,20.439653,20.504736,20.602125,20.645323,20.657822
0.60414414,20.685264,20.776688,20.663145,20.835938,20.615864,20.436146,20.507502,20.604089,20.64855,20.662859
0.61116907,20.698607,20.79053,20.675659,20.849702,20.624417,20.434442,20.510862,20.606524,20.653706,20.667896
0.618194,20.711124,20.802676,20.690892,20.862402,20.636263,20.433198,20.514357,20.609274,20.657633,20.672933
0.62521893,20.722498,20.812478,20.707787,20.873632,20.65266,20.43259,20.518396,20.61246,20.660808,20.67797
0.63224387,20.732727,20.820047,20.729026,20.883542,20.670046,20.432374,20.522511,20.615443,20.664253,20.683014
0.6392688,20.742232,20.826198,20.751253,20.892615,20.688059,20.432407,20.526914,20.618298,20.667755,20.688062
0.64629373,20.750926,20.832279,20.771069,20.903351,20.705591,20.432956,20.53138,20.621153,20.670023,20.693102
0.65331866,20.759423,20.838342,20.790382,20.914493,20.723006,20.433631,20.535939,20.624007,20.672201,20.698139
0.66034359,20.765771,20.85113,20.807642,20.925183,20.740113,20.435023,20.540432,20.626498,20.674016,20.703176
0.66736853,20.771988,20.862562,20.823657,20.935854,20.755243,20.436467,20.544879,20.629142,20.675861,20.708213
0.67439346,20.777675,20.86805,20.83772,20.946454,20.761871,20.438127,20.549292,20.63245,20.677753,20.71325
0.68141839,20.783345,20.873512,20.847099,20.955272,20.768203,20.440203,20.553696,20.635518,20.679651,20.71829
0.68844332,20.788988,20.878934,20.853107,20.961191,20.774056,20.442958,20.558349,20.638196,20.681554,20.723338
0.69546825,20.794567,20.884311,20.858541,20.967605,20.779707,20.44847,20.562889,20.640937,20.683569,20.728381
0.70249319,20.8001,20.889655,20.863808,20.974387,20.785205,20.456038,20.566861,20.643725,20.685615,20.733418
0.70951812,20.805412,20.897657,20.869886,20.982499,20.790264,20.463623,20.570645,20.646471,20.688197,20.738455
0.71654305,20.810656,20.906475,20.876079,20.991018,20.795188,20.471213,20.574097,20.649204,20.6908,20.743492
0.72356798,20.816155,20.919931,20.882729,20.999283,20.799582,20.475796,20.577401,20.651407,20.693422,20.748529
0.73059291,20.821708,20.933021,20.888298,21.007635,20.803921,20.480224,20.580588,20.653635,20.696331,20.753566
0.73761784,20.827505,20.942835,20.891861,21.016542,20.808081,20.484539,20.583477,20.656135,20.699772,20.758614
0.74464278,20.835263,20.951871,20.895459,21.02589,20.812234,20.488571,20.586265,20.658647,20.703615,20.763661
0.75166771,20.846804,20.959406,20.899088,21.036092,20.816372,20.492056,20.587961,20.661181,20.707798,20.768698
0.75869264,20.857039,20.968452,20.904115,21.045242,20.820522,20.49537,20.589572,20.663838,20.711013,20.773735
0.76571757,20.866134,20.978819,20.909647,21.053474,20.824682,20.498534,20.591076,20.666604,20.713879,20.778772
0.7727425,20.874931,20.986769,20.913498,21.057586,20.829934,20.502815,20.592628,20.670262,20.716478,20.783809
0.77976744,20.883617,20.993806,20.917214,21.060142,20.835599,20.507517,20.594276,20.674256,20.7191,20.788846
0.78679237,20.892922,21.001137,20.920921,21.062658,20.847855,20.510645,20.596016,20.678667,20.722054,20.793889
0.7938173,20.902244,21.008629,20.92461,21.065193,20.859744,20.513609,20.597842,20.683125,20.725091,20.798937
0.80084223,20.911262,21.017204,20.928261,21.067926,20.863893,20.516387,20.600279,20.687673,20.728311,20.803977
0.80786716,20.920069,21.024672,20.93307,21.070425,20.868055,20.519167,20.602967,20.692173,20.732376,20.809014
0.81489209,20.928389,21.029585,20.939023,21.072384,20.872249,20.521955,20.605546,20.696566,20.737278,20.814051
0.82191703,20.935621,21.033294,20.948037,21.074068,20.876431,20.525143,20.60816,20.700947,20.744579,20.820376
0.82894196,20.941739,21.035772,20.958393,21.075474,20.880602,20.528739,20.611236,20.705318,20.752933,20.839318
0.83596689,20.946529,21.038311,20.966334,21.076818,20.884728,20.533291,20.614224,20.709027,20.760059,20.855494
0.84299182,20.950711,21.040878,20.973796,21.078135,20.888833,20.538281,20.61699,20.712435,20.766916,20.864721
0.85001675,20.954485,21.043406,20.979262,21.0795,20.892811,20.543796,20.619867,20.715551,20.772459,20.873659
0.85704169,20.958188,21.045918,20.984718,21.080928,20.897042,20.549297,20.622865,20.718728,20.778721,20.882278
0.86406662,20.961695,21.048286,20.990151,21.083085,20.904821,20.553656,20.625701,20.723231,20.786908,20.887692
0.87109155,20.965109,21.051794,20.99584,21.085906,20.912535,20.55801,20.628456,20.727755,20.795214,20.89152
0.87811648,20.968263,21.058499,21.001826,21.090586,20.920069,20.562347,20.631421,20.732336,20.803656,20.895158
0.88514141,20.970943,21.064872,21.007986,21.095548,20.925625,20.566568,20.634418,20.737107,20.807918,20.898749
0.89216635,20.973056,21.070846,21.014237,21.100848,20.928812,20.570651,20.637406,20.742109,20.809987,20.902057
0.89919128,20.975047,21.077057,21.022084,21.105854,20.932156,20.574497,20.640502,20.746931,20.811802,20.905289
0.90621621,20.976973,21.083397,21.030074,21.1107,20.935586,20.578215,20.643932,20.751655,20.813563,20.908287
0.91324114,20.978944,21.088177,21.034688,21.114404,20.938923,20.581663,20.647454,20.756862,20.81509,20.913412
0.92026607,20.980929,21.09258,21.038975,21.11789,20.942237,20.585078,20.651094,20.762164,20.816581,20.921267
0.927291,20.983042,21.094616,21.042184,21.121409,20.945402,20.589039,20.654748,20.767508,20.817953,20.926517
0.93431594,20.985188,21.096652,21.044866,21.12491,20.948531,20.593084,20.65841,20.772711,20.819348,20.930234
0.94134087,20.987445,21.098688,21.046836,21.128351,20.951541,20.597421,20.662636,20.777424,20.820775,20.932351
0.9483658,20.989734,21.100715,21.048785,21.131525,20.954376,20.599734,20.666986,20.781843,20.82223,20.93412
0.95539073,20.992069,21.102728,21.050721,21.134324,20.956965,20.599203,20.671434,20.785848,20.823701,20.935813
0.96241566,20.994733,21.104634,21.052541,21.137023,20.95913,20.599607,20.67585,20.78945,20.825173,20.937508
0.9694406,20.99761,21.106471,21.054333,21.139656,20.961022,20.600614,20.680143,20.792791,20.826645,20.939212
0.97646553,21.000477,21.108131,21.055971,21.142431,20.963153,20.604914,20.6844,20.796115,20.82826,20.940863
0.98349046,21.003343,21.109746,21.057585,21.145241,20.965344,20.610037,20.688605,20.799434,20.831049,20.942434
0.99051539,21.007065,21.112273,21.0591,21.150434,20.96794,20.622911,20.692776,20.801886,20.838738,20.943927
0.99754032,21.011112,21.115323,21.060586,21.155782,20.970573,20.635767,20.696925,20.804417,20.845665,20.945365
1.0045653,21.016567,21.120656,21.062025,21.161735,20.97335,20.648281,20.700624,20.807327,20.851374,20.946708
1.0115902,21.021342,21.125926,21.064524,21.167633,20.976182,20.659128,20.704198,20.810178,20.856042,20.948025
1.0186151,21.024994,21.131093,21.067799,21.173442,20.979103,20.667216,20.708192,20.812933,20.859948,20.949212
1.0256401,21.028311,21.135939,21.071917,21.178967,20.982068,20.674026,20.712111,20.815342,20.862934,20.950431
1.032665,21.031376,21.140542,21.076287,21.184278,20.985066,20.679868,20.715596,20.817489,20.865644,20.951825
1.0396899,21.034096,21.143873,21.077689,21.191349,20.98809,20.690661,20.718851,20.819298,20.867717,20.95314
1.0467148,21.036707,21.146805,21.078958,21.198972,20.991121,20.703008,20.721694,20.821002,20.869682,20.954313
1.0537398,21.03936,21.14939,21.080153,21.205288,21.000058,20.716622,20.724117,20.823286,20.871198,20.955675
1.0607647,21.042012,21.152262,21.081345,21.211426,21.009434,20.729942,20.726197,20.825628,20.872702,20.957191
1.0677896,21.044646,21.156931,21.082528,21.216903,21.019679,20.741172,20.727487,20.828139,20.874184,20.959381
1.0748146,21.048507,21.16163,21.083694,21.223418,21.027132,20.751114,20.728505,20.83092,20.875756,20.961804
1.0818395,21.054781,21.166388,21.084845,21.231971,21.029102,20.758527,20.729606,20.834228,20.877405,20.964455
1.0888644,21.059472,21.17087,21.086052,21.239633,21.030995,20.761534,20.730697,20.837372,20.879126,20.967152
1.0958894,21.062758,21.175107,21.08728,21.246504,21.032821,20.760627,20.731682,20.84037,20.880874,20.970062
1.1029143,21.066563,21.178746,21.088713,21.250212,21.034479,20.762139,20.732886,20.843648,20.883756,20.973047
1.1099392,21.070569,21.182154,21.090179,21.252702,21.036072,20.764585,20.734556,20.847034,20.887127,20.976189
1.1169642,21.075555,21.185471,21.091772,21.254534,21.037443,20.769103,20.73668,20.850632,20.893544,20.979422
1.1239891,21.080421,21.188812,21.093423,21.256212,21.038767,20.773974,20.739236,20.854309,20.900083,20.982741
1.131014,21.083497,21.19243,21.095204,21.257108,21.039873,20.780181,20.742322,20.85848,20.906899,20.986154
1.138039,21.086229,21.195678,21.098482,21.258532,21.04091,20.78658,20.74563,20.862691,20.91414,20.989606
1.1450639,21.088155,21.198057,21.103262,21.261198,21.041784,20.793429,20.748889,20.866995,20.921807,21.00134
1.1520888,21.08989,21.200094,21.108462,21.264104,21.042523,20.800033,20.752158,20.870995,20.929842,21.013333
1.1591138,21.091428,21.201776,21.11385,21.267257,21.04312,20.806384,20.755599,20.874679,20.93804,21.018146
1.1661387,21.092792,21.20271,21.118496,21.269323,21.043793,20.813037,20.759301,20.878152,20.947099,21.022924
1.1731636,21.094076,21.203297,21.12319,21.270883,21.044501,20.819831,20.763672,20.881527,20.955914,21.027616
1.1801886,21.095136,21.203651,21.129685,21.272172,21.045548,20.827263,20.768309,20.885385,20.960351,21.032192
1.1872135,21.096152,21.203964,21.135786,21.273426,21.046664,20.83538,20.773244,20.889303,20.964548,21.03664
1.1942384,21.096982,21.204174,21.140809,21.274732,21.048058,20.851788,20.778348,20.893076,20.968088,21.040867
1.2012633,21.097795,21.204365,21.144103,21.276072,21.04967,20.868085,20.783537,20.896708,20.971451,21.044983
1.2082883,21.098558,21.204497,21.145364,21.27751,21.051904,20.884061,20.788678,20.899939,20.974604,21.048624
1.2153132,21.099306,21.20461,21.146481,21.279003,21.054294,20.897643,20.7938,20.90301,20.97718,21.052183
1.2223381,21.100037,21.204699,21.147521,21.280563,21.056872,20.908308,20.798679,20.905887,20.979449,21.055668
1.2293631,21.100817,21.204744,21.148337,21.282081,21.059336,20.91938,20.803628,20.909034,20.980671,21.059114
1.236388,21.101624,21.204767,21.1491,21.283574,21.061737,20.930677,20.808795,20.912331,20.98169,21.062433
1.2434129,21.102441,21.204853,21.149553,21.284486,21.063768,20.944145,20.813914,20.915545,20.982453,21.065637
1.2504379,21.103278,21.204956,21.149964,21.285264,21.065727,20.958021,20.81897,20.918735,20.983176,21.068691
1.2574628,21.104761,21.205155,21.15023,21.285385,21.067685,20.971154,20.822171,20.921667,20.983763,21.071876
1.2644877,21.10628,21.205388,21.150444,21.285298,21.069692,20.983884,20.824262,20.924687,20.984317,21.07514
1.2715127,21.107929,21.205742,21.150588,21.284468,21.071872,20.995181,20.826217,20.928017,20.984826,21.080259
1.2785376,21.109299,21.206169,21.150677,21.283593,21.073564,21.01139,20.828141,20.93127,20.985402,21.085833
1.2855625,21.110273,21.2067,21.150733,21.282652,21.07456,21.034614,20.829934,20.934412,20.986022,21.09547
1.2925875,21.111066,21.207499,21.15085,21.281752,21.075502,21.054262,20.831889,20.937354,20.986615,21.103464
1.2996124,21.111741,21.208472,21.150983,21.280878,21.076409,21.071567,20.83449,20.940164,20.987201,21.10498
1.3066373,21.112072,21.210195,21.151248,21.280312,21.077237,21.079243,20.837369,20.942464,20.987666,21.106443
1.3136623,21.112316,21.212109,21.151514,21.279825,21.078045,21.084454,20.840677,20.944632,20.988156,21.107826
1.3206872,21.112625,21.214821,21.151779,21.28029,21.079214,21.08176,20.843259,20.946429,20.988754,21.109099
1.3277121,21.112947,21.217733,21.152041,21.280887,21.080512,21.07741,20.845328,20.94824,20.989389,21.110294
1.3347371,21.113323,21.221506,21.152295,21.282038,21.082382,21.06597,20.847233,20.950132,20.990086,21.111351
1.341762,21.11414,21.225353,21.152524,21.283416,21.083906,21.054104,20.849092,20.952003,20.990834,21.112369
1.3487869,21.1157,21.229325,21.152734,21.285175,21.084846,21.041524,20.850736,20.95384,20.99162,21.113172
1.3558118,21.114911,21.233278,21.152928,21.287215,21.085455,21.028195,20.852453,20.955795,20.992456,21.113935
1.3628368,21.112311,21.237217,21.153116,21.289472,21.085809,21.014287,20.854577,20.957842,20.993308,21.114521
1.3698617,21.110858,21.240963,21.153378,21.292031,21.086138,20.998151,20.856595,20.959956,20.994213,21.115033
1.3768866,21.109774,21.244648,21.15365,21.294686,21.086459,20.9813,20.858421,20.962091,20.995127,21.115409
1.3839116,21.116229,21.247702,21.15396,21.297394,21.08678,20.962391,20.860016,20.965088,20.996078,21.115743
1.3909365,21.123023,21.250483,21.154289,21.299917,21.087096,20.943106,20.861421,20.96816,20.9972,21.116041
1.3979614,21.129418,21.251811,21.154654,21.3013,21.087384,20.922206,20.862417,20.971413,20.998649,21.116553
1.4049864,21.13505,21.253091,21.155055,21.302665,21.087627,20.900394,20.863269,20.974677,21.001766,21.117139
1.4120113,21.139155,21.254275,21.155486,21.303993,21.087782,20.876761,20.86373,20.977963,21.006335,21.117715
1.4190362,21.143568,21.255278,21.155942,21.305198,21.087896,20.857122,20.864239,20.981197,21.008446,21.118292
1.4260612,21.148259,21.256119,21.156406,21.306294,21.087974,20.84109,20.865301,20.984383,21.009629,21.118878
1.4330861,21.153578,21.256706,21.156902,21.307167,21.088123,20.829926,20.86657,20.987371,21.010752,21.119465
1.440111,21.159143,21.257193,21.157602,21.307952,21.0883,20.820676,20.868285,20.990281,21.011876,21.120051
1.447136,21.164316,21.257589,21.159925,21.308688,21.088517,20.817346,20.87018,20.993362,21.013049,21.120638
1.4541609,21.169171,21.257972,21.162118,21.309417,21.088739,20.815727,20.872249,20.996461,21.014268,21.121224
1.4611858,21.171572,21.258315,21.16401,21.310136,21.088972,20.824014,20.87448,20.99957,21.015596,21.121803
1.4682108,21.173657,21.258655,21.165382,21.310858,21.089201,20.833632,20.876782,21.002439,21.017044,21.122378
1.4752357,21.174985,21.258987,21.166222,21.311589,21.089422,20.846445,20.879231,21.004729,21.018616,21.122963
1.4822606,21.176081,21.259442,21.167155,21.312437,21.08959,20.860532,20.881704,21.006949,21.020346,21.12355
1.4892856,21.176933,21.260029,21.168128,21.313411,21.0897,20.875967,20.884238,21.009096,21.02215,21.124136
1.4963105,21.177687,21.261591,21.16918,21.315345,21.089803,20.89309,20.886765,21.010972,21.025276,21.124723
1.5033354,21.178395,21.263616,21.17024,21.317735,21.089903,20.911015,20.889277,21.01272,21.028594,21.125309
1.5103603,21.179017,21.264205,21.17128,21.319104,21.090012,20.92811,20.891711,21.014738,21.032035,21.12589
1.5173853,21.179616,21.264581,21.172399,21.320323,21.090122,20.944676,20.894056,21.016755,21.035893,21.126465
1.5244102,21.180069,21.264958,21.173738,21.321573,21.090222,20.955165,20.89619,21.01816,21.040916,21.126975
1.5314351,21.180469,21.265331,21.175213,21.323004,21.090319,20.964904,20.898215,21.019529,21.047084,21.127451
1.5384601,21.180713,21.265696,21.17685,21.324963,21.090407,20.972449,20.899881,21.02079,21.054619,21.12786
1.545485,21.180917,21.266041,21.17828,21.326743,21.090491,20.978195,20.901459,21.022383,21.061745,21.128264
1.5525099,21.181071,21.266362,21.179597,21.328303,21.090568,20.981713,20.902488,21.024385,21.068649,21.128773
1.5595349,21.181276,21.266662,21.181443,21.329538,21.090646,20.983485,20.903588,21.026473,21.074661,21.129316
1.5665598,21.181508,21.26695,21.183494,21.330589,21.090723,20.98427,20.904916,21.028608,21.080423,21.129969
1.5735847,21.181731,21.26721,21.188673,21.331594,21.0908,20.982655,20.906115,21.031093,21.083798,21.130688
1.5806097,21.181953,21.267463,21.193014,21.332591,21.090878,20.980463,20.907144,21.033633,21.086994,21.131496
1.5876346,21.182185,21.267662,21.194463,21.333631,21.090955,20.974532,20.907994,21.035514,21.089572,21.132407
1.5946595,21.182422,21.267861,21.195655,21.334637,21.091023,20.967879,20.908735,21.037302,21.091915,21.13338
1.6016845,21.182677,21.26806,21.196485,21.335523,21.091056,20.958596,20.909035,21.038751,21.093929,21.134498
1.6087094,21.18294,21.268305,21.197254,21.336263,21.091094,20.948216,20.909232,21.040309,21.095693,21.13565
1.6157343,21.183217,21.268614,21.197984,21.336794,21.091138,20.936245,20.909033,21.042024,21.097297,21.136955
1.6227593,21.183507,21.268964,21.198608,21.337292,21.091176,20.922839,20.908777,21.044058,21.098042,21.138886
1.6297842,21.183806,21.26934,21.199205,21.337768,21.091209,20.908478,20.90829,21.046304,21.098573,21.143345
1.6368091,21.184078,21.269751,21.199671,21.338191,21.091242,20.892206,20.907838,21.048488,21.098852,21.148426
1.6438341,21.184344,21.270172,21.200066,21.338601,21.091276,20.875433,20.907439,21.050657,21.099116,21.154478
1.650859,21.184587,21.27093,21.200155,21.339021,21.091309,20.864039,20.907698,21.052597,21.099326,21.159022
1.6578839,21.184823,21.271732,21.200114,21.339441,21.091342,20.853678,20.908429,21.054486,21.099536,21.162485
1.6649088,21.185022,21.272717,21.199859,21.339862,21.091375,20.847737,20.909708,21.056157,21.099747,21.165699
1.6719338,21.185486,21.273718,21.199529,21.340192,21.091408,20.843112,20.911146,21.057726,21.099988,21.168842
1.6789587,21.186405,21.274747,21.199142,21.340369,21.091442,20.840745,20.913258,21.05912,21.100254,21.17192
1.6859836,21.186876,21.276347,21.198822,21.340782,21.091475,20.840846,20.915531,21.059955,21.100587,21.174936
1.6930086,21.186998,21.278394,21.198523,21.34138,21.091508,20.842882,20.918529,21.060354,21.100941,21.177635
1.7000335,21.186753,21.279766,21.197982,21.341269,21.091549,20.846676,20.921454,21.060677,21.101379,21.180063
1.7070584,21.186388,21.280917,21.197429,21.340926,21.091594,20.851046,20.924242,21.060976,21.101862,21.181988
1.7140834,21.185636,21.281973,21.196875,21.340677,21.091638,20.851589,20.926946,21.061222,21.102582,21.183835
1.7211083,21.184836,21.282988,21.196378,21.340454,21.091681,20.85198,20.929579,21.061454,21.103518,21.185617
1.7281332,21.183873,21.283773,21.195991,21.340354,21.091714,20.85281,20.932099,21.061609,21.104879,21.187309
1.7351582,21.183136,21.284541,21.195598,21.340225,21.09174,20.853636,20.934577,21.061986,21.106134,21.188968
1.7421831,21.18286,21.285271,21.1952,21.340037,21.091751,20.854455,20.937179,21.062816,21.107296,21.190628
1.749208,21.182572,21.286451,21.194625,21.339607,21.091745,20.855008,20.93988,21.063865,21.108473,21.192305
1.756233,21.182273,21.288045,21.193984,21.338954,21.091722,20.855318,20.943244,21.065115,21.109657,21.194108
1.7632579,21.181974,21.289006,21.19314,21.337859,21.091692,20.85513,20.946538,21.066673,21.11162,21.195943
1.7702828,21.181676,21.289714,21.192252,21.336587,21.091659,20.854743,20.94968,21.068355,21.113678,21.197846
1.7773078,21.181367,21.289991,21.191157,21.335645,21.091616,20.853053,20.952599,21.068984,21.115925,21.200067
1.7843327,21.181063,21.290215,21.189998,21.334738,21.091569,20.851284,20.955299,21.069589,21.117747,21.2026
1.7913576,21.18082,21.290359,21.188693,21.33383,21.091491,20.850033,20.957644,21.070972,21.118577,21.20518
1.7983826,21.180593,21.290445,21.187441,21.33284,21.091337,20.84912,20.959835,21.072458,21.119298,21.20778
1.8054075,21.180405,21.29039,21.186247,21.331645,21.090994,20.849032,20.961525,21.074195,21.119907,21.211521
1.8124324,21.180259,21.29003,21.183903,21.330082,21.090651,20.848703,20.9631,21.07591,21.120478,21.215375
1.8194573,21.18016,21.289344,21.181026,21.328123,21.090308,20.848117,20.964096,21.077603,21.121031,21.218893
1.8264823,21.180053,21.288628,21.173336,21.326508,21.090032,20.846612,20.964896,21.078901,21.121526,21.221977
1.8335072,21.179942,21.287898,21.165029,21.325059,21.089788,20.844665,20.965172,21.080007,21.122011,21.223903
1.8405321,21.179812,21.28712,21.157671,21.323859,21.08966,20.846697,20.965403,21.080826,21.122464,21.225766
1.8475571,21.179676,21.28635,21.151187,21.322711,21.089549,20.849582,20.96558,21.081614,21.122918,21.227558
1.854582,21.179488,21.28583,21.147193,21.321793,21.089439,20.85632,20.965517,21.082621,21.123371,21.229271
1.8616069,21.179264,21.285357,21.143173,21.320888,21.089331,20.865168,20.965329,21.083669,21.123815,21.230942
1.8686319,21.178932,21.285025,21.139124,21.320025,21.089231,20.880315,20.965516,21.084842,21.124247,21.232612
1.8756568,21.178571,21.284703,21.135103,21.319201,21.089137,20.895957,20.965768,21.086015,21.124678,21.234269
1.8826817,21.178172,21.284393,21.131098,21.318427,21.089048,20.912221,20.965945,21.087188,21.12511,21.235608
1.8897067,21.17769,21.284097,21.127231,21.317821,21.088967,20.928177,20.966117,21.088262,21.125523,21.236719
1.8967316,21.177158,21.28381,21.123161,21.317312,21.088889,20.943954,20.966271,21.08928,21.125931,21.237085
1.9037565,21.175648,21.283559,21.111134,21.316822,21.088821,20.956921,20.966431,21.090179,21.126296,21.236932
1.9107815,21.173888,21.283316,21.101406,21.316334,21.088755,20.969203,20.966597,21.091053,21.126602,21.23608
1.9178064,21.16986,21.283117,21.099813,21.315837,21.088699,20.976506,20.966442,21.091938,21.126702,21.235194
1.9248313,21.165962,21.282927,21.09837,21.315315,21.088642,20.983834,20.966088,21.092765,21.126797,21.234286
1.9318563,21.162543,21.282772,21.097142,21.314707,21.088575,20.991258,20.965169,21.093374,21.126886,21.234006
1.9388812,21.158481,21.282644,21.095968,21.314067,21.088518,20.998226,20.964119,21.093991,21.126921,21.233874
1.9459061,21.153469,21.282556,21.094828,21.313381,21.088474,21.004522,20.963344,21.094622,21.126921,21.233697
1.9529311,21.148516,21.282467,21.09375,21.312702,21.088423,21.008905,20.962578,21.09547,21.126832,21.23347
1.959956,21.143603,21.282379,21.092688,21.312027,21.088367,21.011992,20.961848,21.096466,21.126722,21.233039
1.9669809,21.13931,21.282281,21.091823,21.311308,21.088303,21.008155,20.961481,21.097209,21.126578,21.232569
1.9740059,21.135183,21.282182,21.090998,21.310578,21.088237,21.002457,20.961691,21.097884,21.12643,21.232037
1.9810308,21.128182,21.282093,21.090345,21.30808,21.088149,20.999395,20.962017,21.097647,21.126264,21.231231
1.9880557,21.121132,21.282005,21.089767,21.305798,21.088055,20.996448,20.962426,21.097345,21.12609,21.230224
1.9950806,21.114129,21.281916,21.089313,21.304725,21.087933,20.993804,20.962529,21.096814,21.125902,21.230002
2.0021056,21.1104,21.281828,21.088966,21.303607,21.087803,20.991418,20.96254,21.095977,21.125695,21.230013
2.0091305,21.112381,21.281739,21.0887,21.302412,21.087659,20.989482,20.962583,21.094605,21.125474,21.230035
2.0161554,21.115168,21.281657,21.088175,21.301174,21.087497,20.988753,20.962632,21.093066,21.125077,21.230103
2.0231804,21.118598,21.281579,21.087566,21.299902,21.08732,20.988985,20.962709,21.091396,21.124623,21.230424
2.0302053,21.119998,21.281494,21.086947,21.298588,21.086969,20.988861,20.962791,21.089907,21.12376,21.230829
2.0372302,21.120717,21.281405,21.086328,21.29726,21.08656,20.988618,20.962879,21.08848,21.122997,21.231394
2.0442552,21.12177,21.281317,21.085708,21.294589,21.085911,20.987406,20.9632,21.086948,21.122975,21.231952
2.0512801,21.122825,21.281228,21.085092,21.291671,21.085254,20.985783,20.963721,21.085402,21.122975,21.232505
2.058305,21.123766,21.28114,21.084484,21.287688,21.084646,20.981877,20.964079,21.083797,21.123019,21.232662
2.06533,21.124483,21.281051,21.083869,21.284007,21.084012,20.977395,20.964377,21.082384,21.123069,21.232673
2.0723549,21.124737,21.280962,21.08325,21.280953,21.083326,20.971719,20.964247,21.081366,21.123124,21.231969
2.0793798,21.124654,21.280874,21.082638,21.278392,21.0826,20.966284,20.964022,21.080468,21.123172,21.231133
2.0864048,21.124256,21.280785,21.082029,21.276289,21.081837,20.961073,20.963347,21.079683,21.123216,21.22975
2.0934297,21.123269,21.280697,21.081411,21.274227,21.081293,20.955532,20.962536,21.078944,21.12325,21.228357
2.1004546,21.12204,21.280608,21.080792,21.27218,21.080839,20.949856,20.961418,21.078225,21.123396,21.226941
2.1074796,21.120084,21.28052,21.080184,21.270392,21.080386,20.93958,20.960478,21.077606,21.124524,21.225895
2.1145045,21.118009,21.280435,21.079572,21.268639,21.079933,20.92891,20.959715,21.077003,21.125425,21.225221
2.1215294,21.115552,21.280379,21.078952,21.266946,21.079491,20.919273,20.958775,21.076461,21.125779,21.224484
2.1285544,21.113169,21.280321,21.078408,21.265279,21.078886,20.911492,20.957757,21.075849,21.125793,21.223721
2.1355793,21.110967,21.280254,21.077944,21.263675,21.07788,20.908338,20.956563,21.075064,21.12545,21.222175
2.1426042,21.108977,21.280183,21.077569,21.262139,21.076307,20.906688,20.955333,21.074178,21.124619,21.220454
2.1496291,21.107218,21.280105,21.077237,21.260679,21.074116,20.906677,20.95395,21.073182,21.123557,21.217865
2.1566541,21.105666,21.279998,21.076683,21.2593,21.072185,20.90763,20.952543,21.072698,21.121993,21.21508
2.163679,21.104217,21.279876,21.076082,21.257961,21.070381,20.909057,20.951072,21.072466,21.120362,21.211761
2.1707039,21.102977,21.279736,21.075263,21.256317,21.070191,20.910704,20.949621,21.072548,21.118824,21.209645
2.1777289,21.101769,21.27959,21.074397,21.254615,21.070272,20.912398,20.948193,21.072679,21.117315,21.208936
2.1847538,21.100519,21.279413,21.07339,21.252756,21.070615,20.914313,20.947091,21.072779,21.115887,21.208279
2.1917787,21.099186,21.279233,21.072314,21.251064,21.070833,20.915724,20.946162,21.072821,21.114252,21.207648
2.1988037,21.097604,21.279045,21.071152,21.24988,21.070667,20.915602,20.944971,21.072688,21.11236,21.207008
2.2058286,21.095303,21.278794,21.069905,21.248604,21.070525,20.915277,20.943724,21.072337,21.110702,21.206359
2.2128535,21.092083,21.278462,21.068611,21.24721,21.070414,20.91469,20.942274,21.071706,21.109175,21.205518
2.2198785,21.088892,21.277704,21.067252,21.24569,21.070346,20.913713,20.940797,21.071096,21.107409,21.204642
2.2269034,21.085716,21.276697,21.065778,21.244097,21.070301,20.912507,20.939226,21.070499,21.105583,21.203646
2.2339283,21.082732,21.275827,21.06019,21.241893,21.070312,20.90998,20.937631,21.069792,21.103326,21.202613
2.2409533,21.079789,21.27499,21.053988,21.239546,21.070334,20.907128,20.936005,21.069046,21.101323,21.201529
2.2479782,21.076812,21.274381,21.045557,21.236381,21.070401,20.901651,20.934412,21.067264,21.100238,21.199005
2.2550031,21.073827,21.273756,21.039941,21.232925,21.070458,20.8958,20.932841,21.065442,21.099123,21.195575
2.2620281,21.070806,21.27307,21.038404,21.228355,21.07048,20.88852,20.931386,21.063461,21.097961,21.193518
2.269053,21.067166,21.272362,21.036899,21.223543,21.070471,20.880616,20.929959,21.061021,21.096759,21.191792
2.2760779,21.062597,21.271621,21.035416,21.218365,21.070416,20.871775,20.928664,21.057889,21.095531,21.187537
2.2831029,21.059658,21.27086,21.034021,21.213317,21.070393,20.862129,20.927275,21.054987,21.09425,21.182997
2.2901278,21.057844,21.270086,21.032649,21.208361,21.070393,20.851928,20.925482,21.052244,21.092956,21.177266
2.2971527,21.058545,21.269138,21.031408,21.203838,21.070428,20.841753,20.9238,21.049673,21.089602,21.171433
2.3041776,21.059939,21.268142,21.030198,21.199434,21.070472,20.831585,20.922295,21.04715,21.086257,21.165437
2.3112026,21.06277,21.265515,21.029125,21.196737,21.070527,20.83157,20.920574,21.045632,21.083104,21.161328
2.3182275,21.066224,21.262912,21.028138,21.194238,21.070583,20.831935,20.918693,21.044148,21.080008,21.158617
2.3252524,21.072586,21.260622,21.027297,21.192512,21.070638,20.832953,20.916982,21.04271,21.077009,21.155898
2.3322774,21.079938,21.25867,21.026593,21.19083,21.07063,20.832323,20.915322,21.041303,21.073688,21.153176
2.3393023,21.089043,21.257321,21.025995,21.189226,21.070508,20.828772,20.913928,21.039953,21.070114,21.150613
2.3463272,21.099434,21.255952,21.025423,21.187414,21.070301,20.825422,20.912498,21.038665,21.066824,21.148047
2.3533522,21.110863,21.254569,21.024858,21.185433,21.070024,20.822235,20.910805,21.037425,21.063626,21.145425
2.3603771,21.127279,21.253112,21.024064,21.183453,21.06964,20.819947,20.90901,21.036244,21.061182,21.142731
2.367402,21.145402,21.251629,21.023256,21.181472,21.06922,20.817967,20.907018,21.035082,21.058625,21.139898
2.374427,21.162768,21.250074,21.022449,21.178735,21.068675,20.816204,20.904926,21.03419,21.055096,21.136029
2.3814519,21.178823,21.248453,21.021641,21.175902,21.067913,20.814399,20.902747,21.033345,21.05165,21.131261
2.3884768,21.18638,21.246417,21.020833,21.172771,21.065744,20.812208,20.900502,21.032692,21.048375,21.126428
2.3955018,21.19345,21.244218,21.020025,21.169704,21.063476,20.80991,20.898234,21.032003,21.044933,21.12157
2.4025267,21.199491,21.241673,21.019218,21.166772,21.060998,20.807388,20.896129,21.03124,21.041337,21.11652
2.4095516,21.2051,21.239105,21.01841,21.164408,21.058201,20.805081,20.894056,21.030408,21.037219,21.111429
2.4165766,21.2103,21.236516,21.017602,21.162582,21.055103,20.802979,20.892131,21.029512,21.032893,21.106151
2.4236015,21.214423,21.234396,21.016815,21.16053,21.051217,20.8004,20.890152,21.028561,21.026712,21.100897
2.4306264,21.218097,21.23247,21.016038,21.158384,21.047001,20.797623,20.88805,21.027588,21.020301,21.095697
2.4376514,21.2203,21.229969,21.015341,21.15591,21.04512,20.794548,20.885553,21.026564,21.013552,21.088164
2.4446763,21.222243,21.227345,21.014647,21.153366,21.043475,20.791415,20.882654,21.025532,21.006784,21.078262
2.4517012,21.22325,21.224148,21.013961,21.1505,21.041528,20.78804,20.878834,21.02447,20.999968,21.071329
2.4587261,21.223988,21.221003,21.013248,21.147301,21.039509,20.784279,20.874596,21.023396,20.992992,21.065741
2.4657511,21.224044,21.217994,21.012507,21.143251,21.037307,20.779532,20.869472,21.022289,20.985845,21.061858
2.472776,21.223768,21.21543,21.011728,21.138918,21.035037,20.774733,20.864181,21.021172,20.978473,21.058214
2.4798009,21.223127,21.213361,21.010932,21.134271,21.032691,20.769876,20.858295,21.020044,20.970994,21.054663
2.4868259,21.221696,21.211624,21.010049,21.129993,21.030301,20.764458,20.852476,21.015796,20.962881,21.051135
2.4938508,21.21987,21.210053,21.009142,21.125899,21.027889,20.75876,20.846844,21.009987,20.954665,21.047671
2.5008757,21.218121,21.207209,21.008069,21.122072,21.024936,20.752236,20.841197,21.00833,20.946356,21.044254
2.5079007,21.21638,21.204164,21.007021,21.118257,21.021646,20.745547,20.835532,21.007358,20.937805,21.04089
2.5149256,21.214577,21.201276,21.006047,21.113876,21.013735,20.738333,20.829867,21.006417,20.928533,21.036385
2.5219505,21.212467,21.198426,21.004705,21.109489,21.005507,20.731192,20.824203,21.005501,20.919217,21.031262
2.5289755,21.209402,21.195693,21.002902,21.105085,20.996291,20.724277,20.819989,21.00466,20.909845,21.024418
2.5360004,21.205172,21.193456,20.999459,21.101827,20.988205,20.717665,20.816085,21.003887,20.901234,21.017353
2.5430253,21.19943,21.191862,20.995078,21.100057,20.981588,20.711446,20.813175,21.003201,20.893058,21.013325
2.5500503,21.195409,21.190248,20.990183,21.098821,20.977463,20.705096,20.810285,21.002543,20.885376,21.00956
2.5570752,21.19241,21.188622,20.985168,21.097903,20.974819,20.698668,20.807463,21.001901,20.877815,21.006694
2.5641001,21.191923,21.18695,20.979436,21.093539,20.972157,20.692947,20.80472,21.001304,20.87111,21.003754
2.5711251,21.192002,21.185247,20.973376,21.088351,20.96949,20.687381,20.802087,21.000718,20.863745,21.000712
2.57815,21.193186,21.181673,20.966096,21.077597,20.966835,20.68176,20.798496,21.000165,20.853931,20.99775
2.5851749,21.194715,21.177973,20.958458,21.065941,20.964195,20.676502,20.794291,20.999598,20.843419,20.99484
2.5921999,21.197592,21.173779,20.950293,21.050761,20.961617,20.672663,20.789421,20.998979,20.831879,20.991868
2.5992248,21.200898,21.16963,20.941883,21.034748,20.9591,20.66825,20.784387,20.998171,20.820181,20.988881
2.6062497,21.204859,21.165547,20.933308,21.017466,20.956677,20.662961,20.777626,20.997076,20.808375,20.98575
2.6132746,21.208449,21.161835,20.917761,20.999084,20.95445,20.657158,20.771201,20.995772,20.795697,20.982566
2.6202996,21.211779,21.158383,20.900346,20.979932,20.952358,20.650996,20.766288,20.994323,20.782785,20.979147
2.6273245,21.217708,21.154931,20.884407,20.958863,20.948092,20.642442,20.761489,20.991302,20.769558,20.973328
2.6343494,21.224368,21.151479,20.868823,20.937255,20.943213,20.633214,20.756875,20.987839,20.755977,20.96357
2.6413744,21.234009,21.148242,20.854805,20.920391,20.935364,20.621146,20.752438,20.981837,20.74073,20.953716
2.6483993,21.242816,21.145013,20.841558,20.904944,20.927931,20.60847,20.748134,20.975943,20.725387,20.943792
2.6554242,21.246954,21.141794,20.829653,20.896016,20.923041,20.593113,20.743771,20.970964,20.709875,20.935352
2.6624492,21.248977,21.138377,20.819943,20.887402,20.918084,20.576963,20.73939,20.965156,20.694264,20.927375
2.6694741,21.247184,21.134604,20.811977,20.879359,20.913005,20.559382,20.731078,20.957854,20.678575,20.918943
2.676499,21.243552,21.130819,20.805802,20.871855,20.908036,20.544205,20.722618,20.949975,20.663574,20.909428
2.683524,21.238407,21.127024,20.800225,20.864796,20.903156,20.531005,20.714375,20.941621,20.648803,20.89375
2.6905489,21.221457,21.123376,20.793347,20.860402,20.898261,20.518978,20.706365,20.933555,20.632782,20.878691
2.6975738,21.20038,21.11978,20.78668,20.856938,20.893359,20.50736,20.698808,20.925588,20.616747,20.864838
2.7045988,21.183329,21.117041,20.781912,20.854466,20.887911,20.48928,20.691521,20.919057,20.601125,20.850427
2.7116237,21.166633,21.114378,20.775704,20.852136,20.881917,20.472205,20.684473,20.912749,20.587107,20.835524
2.7186486,21.150402,21.111811,20.766521,20.8503,20.872391,20.46539,20.67745,20.907284,20.576407,20.821605
2.7256736,21.134455,21.109342,20.75759,20.848554,20.863345,20.458757,20.670435,20.901579,20.564911,20.808062
2.7326985,21.11912,21.107085,20.748893,20.847005,20.855335,20.452516,20.66341,20.895361,20.552674,20.796607
2.7397234,21.105487,21.104867,20.73967,20.845405,20.8483,20.446575,20.65623,20.889802,20.536799,20.785646
2.7467484,21.093494,21.102688,20.730232,20.843757,20.842203,20.440921,20.647777,20.884879,20.519439,20.777193
2.7537733,21.084093,21.100469,20.722781,20.842,20.836829,20.435617,20.639168,20.880933,20.502209,20.769414
2.7607982,21.075795,21.098234,20.715331,20.840196,20.831761,20.430461,20.630195,20.877404,20.485248,20.763207
2.7678232,21.068763,21.096335,20.705827,20.8386,20.825814,20.425255,20.62132,20.874082,20.470732,20.756935
2.7748481,21.061986,21.094448,20.69571,20.837041,20.819944,20.420065,20.612546,20.870687,20.456872,20.750595
2.781873,21.056332,21.092257,20.684071,20.835602,20.816017,20.415097,20.603954,20.86625,20.444646,20.736896
2.7888979,21.050592,21.090199,20.674026,20.834216,20.812307,20.410222,20.595445,20.861684,20.430354,20.719801
2.7959229,21.044629,21.088484,20.665716,20.832966,20.809165,20.405586,20.58715,20.856783,20.413813,20.699032
2.8029478,21.040273,21.086956,20.658001,20.831648,20.806049,20.400939,20.578828,20.85184,20.394933,20.677648
2.8099727,21.037728,21.08564,20.650577,20.830254,20.802962,20.396281,20.569733,20.84685,20.374907,20.654955
2.8169977,21.036503,21.084008,20.639954,20.828545,20.799728,20.391117,20.560347,20.841281,20.354737,20.633419
2.8240226,21.03595,21.082215,20.628755,20.826675,20.79642,20.385696,20.550135,20.835417,20.334626,20.615163
2.8310475,21.036843,21.080177,20.616396,20.824105,20.792138,20.379849,20.539592,20.829732,20.315894,20.593354
2.8380725,21.038018,21.078072,20.60418,20.821372,20.78757,20.373895,20.528649,20.824066,20.298548,20.567253
2.8450974,21.03991,21.075461,20.592396,20.81772,20.780555,20.367234,20.517421,20.818158,20.285414,20.53712
2.8521223,21.042132,21.072678,20.58052,20.81381,20.773826,20.36037,20.506036,20.811983,20.271031,20.504768
2.8591473,21.045407,21.069348,20.568527,20.809075,20.768006,20.352857,20.493808,20.804957,20.255054,20.484171
2.8661722,21.049388,21.065903,20.556841,20.801391,20.762744,20.344987,20.481463,20.797898,20.237176,20.465995
2.8731971,21.054301,21.062307,20.545334,20.789818,20.758219,20.336645,20.470687,20.790794,20.21819,20.452264
2.8802221,21.060158,21.058939,20.534356,20.775818,20.751405,20.321262,20.458895,20.783043,20.203051,20.438754
2.887247,21.066586,21.055708,20.523525,20.76035,20.743206,20.301623,20.443538,20.7749,20.188771,20.426019
2.8942719,21.075063,21.052333,20.514795,20.736835,20.736424,20.278673,20.427485,20.765647,20.176766,20.413357
2.9012969,21.08401,21.048924,20.506174,20.711498,20.729962,20.254982,20.410446,20.756145,20.163489,20.400799
2.9083218,21.093924,21.045395,20.497964,20.68625,20.723512,20.232511,20.395881,20.746917,20.145377,20.387443
2.9153467,21.103435,21.04196,20.488222,20.6612,20.716723,20.210019,20.382925,20.737524,20.127101,20.373569
2.9223717,21.111335,21.038906,20.476184,20.636947,20.70858,20.187448,20.369809,20.727466,20.10858,20.360092
2.9293966,21.115242,21.035666,20.464395,20.613774,20.700172,20.165211,20.356654,20.717431,20.090314,20.346715
2.9364215,21.112951,21.032137,20.452778,20.592276,20.691354,20.143492,20.342633,20.707428,20.072224,20.335945
2.9434464,21.110034,21.028323,20.439745,20.571301,20.681579,20.122839,20.328817,20.698518,20.054533,20.325531
2.9504714,21.106671,21.024307,20.426324,20.5507,20.671124,20.102945,20.315961,20.690386,20.036952,20.316591
2.9574963,21.099761,21.020548,20.412038,20.53197,20.65999,20.084769,20.303328,20.683284,20.019435,20.30775
2.9645212,21.091828,21.016864,20.397654,20.51378,20.64866,20.067088,20.291068,20.67648,20.001894,20.299076
2.9715462,21.085019,21.012847,20.382883,20.501826,20.636666,20.050747,20.278922,20.667136,19.984218,20.290389
2.9785711,21.078474,21.008727,20.36806,20.490544,20.624622,20.035273,20.266862,20.657383,19.96684,20.281693
2.985596,21.073107,21.004125,20.353146,20.481715,20.612429,20.024109,20.254668,20.64592,19.949986,20.273038
2.992621,21.068252,20.999416,20.339951,20.472952,20.600431,20.013471,20.242431,20.635827,19.933407,20.264397
2.9996459,21.064336,20.994515,20.328146,20.464311,20.588791,20.003799,20.229888,20.628248,19.917052,20.256692
3.0066708,21.060383,20.989601,20.317033,20.452071,20.576386,19.993509,20.216488,20.620675,19.901052,20.248988
3.0136958,21.056399,20.984678,20.306157,20.436825,20.563341,19.982704,20.198044,20.613107,19.885172,20.241
3.0207207,21.051047,20.979868,20.290332,20.420151,20.552139,19.970764,20.178569,20.602596,19.868992,20.232696
3.0277456,21.045205,20.9751,20.274282,20.402969,20.541595,19.958418,20.157049,20.591034,19.852726,20.223767
3.0347706,21.03928,20.970249,20.258924,20.386166,20.535132,19.940952,20.140932,20.578413,19.836018,20.214167
3.0417955,21.033485,20.965326,20.244212,20.369755,20.528977,19.923034,20.129658,20.565675,19.819401,20.203966
3.0488204,21.028673,20.959927,20.230857,20.355969,20.522804,19.904667,20.118487,20.552674,19.802979,20.193072
3.0558454,21.024366,20.954364,20.219209,20.343206,20.516623,19.886359,20.107356,20.539608,19.7867,20.181908
3.0628703,21.021168,20.948445,20.209174,20.332683,20.510427,19.868181,20.096508,20.526397,19.770559,20.154141
3.0698952,21.018071,20.942408,20.196263,20.319353,20.50427,19.849957,20.085108,20.51492,19.754555,20.125438
3.0769202,21.015073,20.936256,20.182156,20.303277,20.498151,19.831689,20.068711,20.505139,19.738608,20.102535
3.0839451,21.012121,20.93046,20.165008,20.284785,20.491879,19.812757,20.052775,20.496439,19.722737,20.079612
3.09097,21.009189,20.924817,20.147603,20.265245,20.485539,19.793537,20.037938,20.488207,19.706933,20.056642
3.0979949,21.00544,20.919272,20.131084,20.250973,20.474335,19.775531,20.027681,20.476067,19.6917,20.029192
3.1050199,21.001586,20.913759,20.114459,20.237377,20.462154,19.758128,20.022226,20.463383,19.676865,19.997043
3.1120448,20.997703,20.90846,20.097564,20.224056,20.445768,19.745788,20.01696,20.450028,19.663038,19.965974
3.1190697,20.994004,20.903284,20.080185,20.209418,20.428909,19.733191,20.011782,20.436616,19.648816,19.935413
3.1260947,20.990796,20.898438,20.062272,20.191295,20.410796,19.719914,20.006287,20.423051,19.634157,19.9105
3.1331196,20.98752,20.89352,20.043961,20.175689,20.392421,19.705223,20.00068,20.409698,19.619047,19.886868
3.1401445,20.984168,20.888519,20.02545,20.162965,20.373744,19.688913,19.994126,20.396587,19.603712,19.869842
3.1471695,20.980465,20.883386,20.006763,20.148588,20.356802,19.672336,19.987366,20.383629,19.588632,19.85223
3.1541944,20.976582,20.878186,19.98805,20.133352,20.340759,19.655621,19.980012,20.37075,19.573547,19.832921
3.1612193,20.972152,20.872299,19.969404,20.114804,20.328122,19.638979,19.972295,20.358191,19.557606,19.81449
3.1682443,20.967523,20.866286,19.951724,20.095867,20.315933,19.622358,19.964134,20.345666,19.54171,19.797136
3.1752692,20.960564,20.860156,19.937048,20.081251,20.300343,19.605919,19.955509,20.332632,19.525957,19.781737
3.1822941,20.953459,20.853897,19.923591,20.067199,20.28467,19.589149,19.946625,20.319811,19.51048,19.76743
3.1893191,20.94588,20.847214,19.911714,20.054984,20.268727,19.571297,19.920169,20.307685,19.49536,19.750987
3.196344,20.937965,20.840361,19.899642,20.04034,20.25327,19.553604,19.890207,20.295799,19.480608,19.734074
3.2033689,20.929601,20.83328,19.887456,20.022438,20.238466,19.536126,19.860672,20.284237,19.466073,19.715538
3.2103939,20.920784,20.826281,19.875235,20.00421,20.228732,19.519065,19.831625,20.271456,19.451453,19.698011
3.2174188,20.911689,20.819333,19.862935,19.98578,20.222115,19.502259,19.804331,20.257924,19.436803,19.684109
3.2244437,20.901894,20.812474,19.84484,19.966802,20.215436,19.489473,19.777854,20.244913,19.421202,19.672356
3.2314687,20.891935,20.805636,19.826579,19.947694,20.208741,19.477616,19.752552,20.232019,19.405353,19.663697
3.2384936,20.881656,20.798688,19.807671,19.928181,20.201671,19.464565,19.729314,20.21789,19.388542,19.654932
3.2455185,20.871423,20.791713,19.789006,19.908827,20.193795,19.450964,19.707441,20.203629,19.372431,19.646097
3.2525434,20.861377,20.784632,19.770715,19.890127,20.182609,19.435106,19.688311,20.188825,19.357387,19.632606
3.2595684,20.851403,20.777559,19.752377,19.871819,20.169291,19.418907,19.669892,20.173574,19.344769,19.617906
3.2665933,20.841545,20.7705,19.734007,19.854133,20.152606,19.40217,19.654202,20.15762,19.333848,19.601684
3.2736182,20.831488,20.762748,19.715186,19.838833,20.135857,19.384697,19.638986,20.141177,19.319995,19.58548
3.2806432,20.821287,20.754495,19.696237,19.825262,20.119061,19.366691,19.625775,20.124382,19.30532,19.569459
3.2876681,20.810103,20.745531,19.677341,19.813006,20.101317,19.352433,19.613197,20.106937,19.288306,19.553309
3.294693,20.798629,20.736359,19.658461,19.801139,20.083294,19.339281,19.601696,20.089301,19.271263,19.536941
3.301718,20.792298,20.727358,19.639658,19.783423,20.065942,19.32755,19.588304,20.076945,19.254399,19.520855
3.3087429,20.786306,20.718499,19.620614,19.765458,20.048662,19.314837,19.573441,20.064803,19.23768,19.50499
3.3157678,20.781117,20.710378,19.601137,19.74731,20.031634,19.296545,19.559058,20.052754,19.221223,19.48883
3.3227928,20.775546,20.701887,19.582863,19.729534,20.014969,19.277809,19.54483,20.039124,19.204019,19.472573
3.3298177,20.769262,20.692703,19.565575,19.712452,19.998983,19.258241,19.530306,20.022538,19.186201,19.456437
3.3368426,20.760518,20.683298,19.547735,19.694763,19.985478,19.239016,19.515698,20.006115,19.169448,19.440217
3.3438676,20.749686,20.673706,19.529703,19.676561,19.974082,19.220084,19.500673,19.989828,19.153068,19.423439
3.3508925,20.739917,20.663708,19.512766,19.65784,19.96093,19.202133,19.485474,19.976609,19.136702,19.406675
3.3579174,20.730534,20.653562,19.496307,19.638931,19.947139,19.184538,19.469926,19.964508,19.120266,19.389939
3.3649424,20.722677,20.641706,19.482627,19.620171,19.930925,19.167469,19.453868,19.948569,19.103342,19.373183
3.3719673,20.714904,20.629614,19.468904,19.601404,19.914454,19.150955,19.437347,19.93198,19.086535,19.356407
3.3789922,20.706838,20.61678,19.45509,19.582496,19.897513,19.138308,19.421,19.912844,19.06998,19.339209
3.3860172,20.698652,20.60386,19.441292,19.563553,19.880254,19.126405,19.404722,19.893874,19.053518,19.321842
3.3930421,20.690199,20.590748,19.427512,19.544532,19.862285,19.116166,19.387731,19.875277,19.037145,19.303741
3.400067,20.679965,20.577665,19.409195,19.528675,19.84382,19.103259,19.370736,19.856601,19.020547,19.285506
3.4070919,20.66796,20.564609,19.388956,19.515964,19.824862,19.087699,19.354351,19.837846,19.003855,19.266747
3.4141169,20.653077,20.551407,19.367186,19.503081,19.8065,19.07594,19.338005,19.820977,18.988405,19.248527
3.4211418,20.636923,20.538141,19.345225,19.490121,19.7884,19.06586,19.321756,19.80494,18.97304,19.231615
3.4281667,20.619192,20.525591,19.323153,19.470945,19.770761,19.054779,19.305675,19.788486,18.95702,19.217561
3.4351917,20.601226,20.513139,19.301582,19.450993,19.753575,19.043244,19.289771,19.772039,18.94067,19.206554
3.4422166,20.582904,20.50077,19.281308,19.431345,19.741027,19.027851,19.27419,19.756317,18.923468,19.195567
3.4492415,20.565266,20.488298,19.261969,19.411603,19.72787,19.012516,19.258764,19.740195,18.905837,19.18459
3.4562665,20.549477,20.475552,19.243684,19.391605,19.713068,18.997335,19.243517,19.722995,18.887726,19.167973
3.4632914,20.535433,20.462596,19.228547,19.371528,19.697029,18.982132,19.228329,19.706255,18.869303,19.150306
3.4703163,20.523417,20.449397,19.215012,19.351358,19.679551,18.966904,19.213639,19.690052,18.85072,19.129604
3.4773413,20.510749,20.436841,19.198668,19.330419,19.661721,18.95089,19.19911,19.67445,18.832139,19.109233
3.4843662,20.497738,20.424626,19.181685,19.309073,19.643706,18.934461,19.185055,19.659167,18.813534,19.089837
3.4913911,20.484417,20.412627,19.161449,19.287044,19.625468,18.91686,19.170612,19.643482,18.794465,19.073683
3.4984161,20.471155,20.400647,19.141085,19.264864,19.60719,18.899078,19.155684,19.627766,18.775242,19.061572
3.505441,20.460732,20.388189,19.120317,19.241989,19.588955,18.88204,19.141091,19.61307,18.75553,19.048389
3.5124659,20.450491,20.375779,19.09929,19.219698,19.570639,18.864625,19.12669,19.598034,18.736055,19.034595
3.5194909,20.440854,20.363531,19.077922,19.19935,19.552052,18.845952,19.111957,19.581861,18.716894,19.016312
3.5265158,20.431203,20.351222,19.056422,19.181605,19.533911,18.827256,19.097159,19.565375,18.69767,18.997112
3.5335407,20.421533,20.33883,19.034844,19.167409,19.516379,18.808531,19.082551,19.548461,18.678409,18.978275
3.5405657,20.410495,20.326206,19.013236,19.151416,19.50168,18.789775,19.067909,19.532396,18.657488,18.959797
3.5475906,20.398601,20.313438,18.991632,19.134299,19.488754,18.771,19.053143,19.516861,18.636188,18.94264
3.5546155,20.386403,20.301331,18.971271,19.11279,19.474611,18.750831,19.038243,19.504573,18.614402,18.925888
3.5616404,20.374132,20.289382,18.951827,19.090233,19.460177,18.730329,19.023148,19.493058,18.592691,18.909731
3.5686654,20.361132,20.277499,18.93605,19.069541,19.443365,18.713865,19.008272,19.478618,18.571285,18.89298
3.5756903,20.348681,20.264863,18.918806,19.049814,19.426175,18.698085,18.993543,19.463562,18.549748,18.875829
3.5827152,20.338546,20.249052,18.899289,19.034157,19.407397,18.685185,18.978264,19.445909,18.528008,18.857733
3.5897402,20.328904,20.232256,18.878122,19.019241,19.388178,18.672397,18.962838,19.42853,18.505863,18.839387
3.5967651,20.320052,20.213878,18.855782,19.005512,19.36825,18.65979,18.947857,19.411593,18.48343,18.820211
3.60379,20.310921,20.194398,18.837064,18.987935,19.348369,18.647179,18.932871,19.394915,18.460831,18.800948
3.610815,20.301582,20.174106,18.819388,18.967525,19.328523,18.634567,18.917828,19.378428,18.438185,18.781344
3.6178399,20.290833,20.152803,18.803099,18.946194,19.308299,18.615538,18.902767,19.362858,18.414628,18.761883
3.6248648,20.279658,20.131194,18.785289,18.924586,19.28796,18.594571,18.887673,19.347564,18.391148,18.742669
3.6318898,20.257168,20.109596,18.759311,18.903354,19.268011,18.575241,18.872629,19.33717,18.368227,18.722504
3.6389147,20.234136,20.088137,18.733449,18.881885,19.247856,18.556723,18.857626,19.326754,18.348076,18.701589
3.6459396,20.21069,20.067447,18.707798,18.859005,19.226467,18.542342,18.84293,19.315089,18.332997,18.679084
3.6529646,20.188179,20.046509,18.683668,18.836175,19.204975,18.526669,18.828335,19.302582,18.316408,18.656051
3.6599895,20.167445,20.0251,18.660808,18.813439,19.183286,18.508538,18.813311,19.288474,18.298558,18.638838
3.6670144,20.149597,20.007404,18.641704,18.79037,19.163924,18.488325,18.79815,19.274621,18.276738,18.622378
3.6740394,20.134239,19.992913,18.623937,18.767013,19.146569,18.466316,18.782274,19.260989,18.253504,18.608489
3.6810643,20.115003,19.982845,18.606492,18.74672,19.131544,18.444648,18.767091,19.247815,18.230317,18.594493
3.6880892,20.094324,19.974421,18.589075,18.727567,19.117385,18.423107,18.753335,19.234813,18.20696,18.580275
3.6951142,20.07177,19.965713,18.571689,18.710559,19.098854,18.401646,18.739529,19.221808,18.182342,18.558856
3.7021391,20.049191,19.956942,18.551936,18.692845,19.079771,18.380246,18.725678,19.208874,18.157807,18.530772
3.709164,20.027682,19.947874,18.527008,18.668164,19.059289,18.359279,18.710248,19.196502,18.133454,18.502874
3.716189,20.006035,19.938229,18.501249,18.643402,19.038786,18.339263,18.694177,19.184201,18.109135,18.475053
3.7232139,19.984071,19.927272,18.474678,18.618458,19.018232,18.321409,18.675825,19.17206,18.084848,18.446996
3.7302388,19.962296,19.909792,18.454376,18.592953,19.000835,18.30238,18.657156,19.159816,18.059658,18.41899
3.7372637,19.94071,19.885724,18.436785,18.566881,18.986626,18.282166,18.637779,19.147469,18.034077,18.391702
3.7442887,19.921025,19.862404,18.417571,18.542297,18.970703,18.25992,18.618152,19.134856,18.008891,18.364549
3.7513136,19.902195,19.83942,18.397574,18.518383,18.954008,18.23676,18.597907,19.122125,17.983775,18.33773
3.7583385,19.888497,19.816048,18.371093,18.499872,18.933202,18.213778,18.577038,19.109047,17.958914,18.314873
3.7653635,19.875475,19.792607,18.344364,18.481604,18.911846,18.190822,18.555493,19.095778,17.934008,18.296308
3.7723884,19.862294,19.768959,18.316975,18.457291,18.890511,18.167898,18.533338,19.080681,17.908987,18.280594
3.7794133,19.846599,19.7453,18.291867,18.433493,18.869298,18.144582,18.510885,19.065434,17.883867,18.266269
3.7864383,19.823971,19.721609,18.269362,18.411115,18.848426,18.120184,18.488524,19.049774,17.858635,18.252132
3.7934632,19.799486,19.702728,18.24953,18.39035,18.827907,18.095283,18.466864,19.034287,17.833551,18.237373
3.8004881,19.772807,19.689533,18.231081,18.371493,18.807806,18.069788,18.456677,19.019006,17.808543,18.211759
3.8075131,19.754144,19.678446,18.213222,18.352356,18.787985,18.043389,18.446503,19.004159,17.783103,18.186197
3.814538,19.73979,19.668493,18.195468,18.333069,18.768314,18.016505,18.436367,18.989546,17.757497,18.160794
3.8215629,19.726659,19.658839,18.177762,18.313153,18.74588,17.990133,18.426196,18.974976,17.729881,18.135685
3.8285879,19.713644,19.649178,18.158158,18.292787,18.722922,17.964284,18.41598,18.960415,17.702316,18.11095
3.8356128,19.697514,19.637773,18.132388,18.263218,18.69977,17.950321,18.402199,18.945884,17.67492,18.085445
3.8426377,19.679593,19.624633,18.105978,18.23382,18.67677,17.936436,18.38635,18.931323,17.647752,18.059493
3.8496627,19.655568,19.605583,18.07871,18.205003,18.654286,17.922819,18.364908,18.916656,17.62089,18.033263
3.8566876,19.634317,19.587058,18.051279,18.17787,18.631921,17.906562,18.342275,18.901793,17.593589,18.006957
3.8637125,19.616912,19.569262,18.023748,18.153073,18.609721,17.886648,18.319315,18.886657,17.566018,17.979726
3.8707375,19.601564,19.549895,17.997076,18.131561,18.590473,17.861523,18.296141,18.871087,17.539015,17.952432
3.8777624,19.587523,19.529529,17.970626,18.112139,18.573103,17.833085,18.272156,18.85524,17.512141,17.924895
3.8847873,19.575981,19.507503,17.949619,18.094596,18.558769,17.810288,18.248297,18.839061,17.484898,17.8979
3.8918122,19.565051,19.48507,17.929324,18.077512,18.545179,17.788872,18.224627,18.8228,17.457453,17.871712
3.8988372,19.554185,19.462782,17.911947,18.061691,18.525072,17.771,18.201156,18.806445,17.429181,17.851559
3.9058621,19.540985,19.440437,17.891759,18.045838,18.505608,17.752929,18.17782,18.790015,17.400788,17.835533
3.912887,19.517676,19.417847,17.867144,18.029818,18.489062,17.733924,18.153827,18.773264,17.372202,17.817314
3.919912,19.497633,19.395677,17.843181,18.00868,18.472321,17.714247,18.129655,18.756749,17.343089,17.798497
3.9269369,19.482924,19.374193,17.819688,17.979185,18.455263,17.693473,18.107447,18.740618,17.313593,17.770811
3.9339618,19.466303,19.353307,17.79678,17.949595,18.433814,17.667714,18.085764,18.723675,17.284159,17.742722
3.9409868,19.448251,19.332869,17.774044,17.919935,18.409077,17.638224,18.066422,18.706124,17.254742,17.713633
3.9480117,19.426531,19.312953,17.748621,17.890479,18.384763,17.609833,18.046971,18.68838,17.224501,17.684115
3.9550366,19.403679,19.293197,17.722941,17.861086,18.360578,17.58178,18.027327,18.670576,17.1942,17.653845
3.9620616,19.386267,19.272719,17.696403,17.836678,18.336204,17.554085,18.006747,18.651929,17.163747,17.62743
3.9690865,19.367977,19.252231,17.670006,17.813255,18.311549,17.526619,17.985418,18.633138,17.133467,17.604113
3.9761114,19.343219,19.231872,17.64387,17.794175,18.285335,17.500368,17.963645,18.613738,17.103508,17.582945
3.9831364,19.315757,19.211512,17.617479,17.772278,18.259161,17.47434,17.941722,18.594127,17.07366,17.562504
3.9901613,19.283058,19.191151,17.590871,17.744928,18.233061,17.448745,17.919229,18.574109,17.043906,17.53032
3.9971862,19.249529,19.17124,17.564416,17.715478,18.207363,17.422402,17.896707,18.553538,17.014225,17.496369
4.0042112,19.215271,19.151723,17.538015,17.684185,18.182017,17.395403,17.874233,18.532484,16.98457,17.455774
4.0112361,19.177681,19.131631,17.512538,17.660219,18.164283,17.36822,17.851299,18.512205,16.954888,17.418842
4.018261,19.138825,19.111321,17.487035,17.639034,18.149438,17.340966,17.8274,18.492221,16.9252,17.38958
4.025286,19.101243,19.090554,17.460787,17.618899,18.135923,17.314993,17.803274,18.473428,16.895479,17.35991
4.0323109,19.066163,19.069713,17.437259,17.598092,18.12219,17.289195,17.778933,18.45466,16.868566,17.329856
4.0393358,19.05055,19.048603,17.419788,17.571024,18.105694,17.263883,17.755071,18.435218,16.847908,17.297548
4.0463607,19.035081,19.027449,17.401178,17.543555,18.08602,17.238151,17.731407,18.415798,16.825395,17.264308
4.0533857,19.019948,19.006191,17.381437,17.515157,18.058976,17.211447,17.707878,18.396429,16.801041,17.232641
4.0604106,19.005068,18.985081,17.355964,17.487178,18.031346,17.184884,17.684366,18.377265,16.76947,17.201286
4.0674355,18.99045,18.96412,17.327964,17.459629,18.003117,17.158466,17.660866,18.358313,16.734718,17.171275
4.0744605,18.976563,18.94233,17.29923,17.431574,17.977654,17.132083,17.637348,18.338513,16.69864,17.141202
4.0814854,18.96301,18.920158,17.270323,17.403287,17.953458,17.105716,17.613781,18.318322,16.66244,17.110971
4.0885103,18.934513,18.898072,17.240508,17.380697,17.932723,17.078655,17.589824,18.297363,16.626802,17.076744
4.0955353,18.904553,18.876041,17.21084,17.359117,17.911818,17.051559,17.565438,18.276295,16.591125,17.038121
4.1025602,18.882788,18.854589,17.181566,17.340431,17.882233,17.025283,17.540508,18.255197,16.555339,16.997168
4.1095851,18.862411,18.83349,17.152645,17.319204,17.851824,16.998529,17.515307,18.234088,16.518493,16.955057
4.1166101,18.845939,18.813382,17.124134,17.290818,17.819095,16.970431,17.490843,18.212945,16.480416,16.893108
4.123635,18.829586,18.793131,17.095577,17.26135,17.786934,16.9428,17.466451,18.191974,16.440432,16.828658
4.1306599,18.813373,18.772709,17.066997,17.230582,17.755458,16.915729,17.441217,18.171209,16.399443,16.777133
4.1376849,18.798985,18.752093,17.038368,17.200224,17.731557,16.888052,17.415802,18.154583,16.358465,16.733167
4.1447098,18.785593,18.731372,17.009728,17.170092,17.711801,16.860042,17.389831,18.140221,16.318223,16.712533
4.1517347,18.772657,18.710292,16.981022,17.13954,17.690076,16.832571,17.364129,18.123991,16.295928,16.692339
4.1587597,18.75981,18.689096,16.9523,17.108899,17.667936,16.805229,17.338773,18.107243,16.273926,16.672712
4.1657846,18.747014,18.666423,16.923526,17.077988,17.644616,16.778681,17.312889,18.085486,16.252895,16.653887
4.1728095,18.734361,18.643869,16.894723,17.047005,17.622489,16.751872,17.286694,18.063532,16.228418,16.635535
4.1798345,18.722207,18.621732,16.865879,17.015774,17.604521,16.724151,17.259088,18.040887,16.199249,16.618415
4.1868594,18.710172,18.599095,16.836994,16.98441,17.583172,16.696267,17.231181,18.017926,16.163276,16.601586
4.1938843,18.698306,18.575754,16.808083,16.952859,17.557055,16.668155,17.203817,17.994517,16.123057,16.586368
4.2009092,18.685544,18.546591,16.779118,16.921114,17.527238,16.639659,17.176371,17.971021,16.081134,16.571236
4.2079342,18.672203,18.513663,16.75014,16.889242,17.495029,16.610915,17.14861,17.947469,16.038807,16.556436
